{"_runtime":13769,"train_samples_per_second":2.177,"train_loss":0.40898087832132973,"train/logps/chosen":-336.79998779296875,"train/nll_loss":0.8070312738418579,"train_runtime":13777.7253,"train/epoch":3,"total_flos":0,"_wandb":{"runtime":13769},"train/rewards/accuracies":0.8999999761581421,"train/rewards/rejected":-2.4482421875,"train/grad_norm":0.43059319257736206,"train/logps/rejected":-387.1000061035156,"train_steps_per_second":0.272,"_step":375,"train/rewards/chosen":0.49980467557907104,"_timestamp":1.767466146380037e+09,"train/learning_rate":1.4814814814814816e-08,"train/global_step":3750,"train/loss":0.2516,"train/rewards/margins":2.9476561546325684,"train/logits/rejected":-0.20120850205421448,"train/logits/chosen":-0.28394776582717896}